{"losses/total_loss": 0.08123232424259186, "losses/policy_loss": -0.07938584685325623, "losses/value_loss": 0.16061817109584808, "values/mean": 3.6947269439697266, "values/min": 0.3401322364807129, "values/max": 12.846484184265137, "values/std": 3.5278217792510986, "values/values_error": 0.3061612844467163, "values/values_mape_error": 1.4459211826324463, "values/clipfrac": 0.14135020971298218, "old_values/mean": 3.5111234188079834, "old_values/min": 0.2887289226055145, "old_values/max": 12.203997611999512, "old_values/std": 3.3785240650177, "returns/mean": 3.508146286010742, "returns/min": -0.31565842032432556, "returns/max": 12.799739837646484, "returns/std": 3.55814266204834, "policy/approx_kl": 0.004015894141048193, "policy/clipfrac": 0.02109704725444317, "ratio": 1.0331830978393555, "padding_percentage": 0.6633522510528564, "time/forward": 0.23484587669372559, "time/backward": 0.007015705108642578, "learning_rate_group_0": 9.978786151691327e-05, "_timestamp": 1690401199.679529, "_runtime": 7827.600488901138, "_step": 2948}